{"_timestamp":1.756338789254564e+09,"_runtime":3.620429,"_step":0,"_wandb":{"runtime":3},"test_loss":9.565803408622742}