{"_wandb":{"runtime":21387},"_step":9999,"test_loss":0.5060792900621891,"_timestamp":1.756360353576294e+09,"_runtime":21387.983284}