{"_wandb":{"runtime":4},"_timestamp":1.756401767612051e+09,"_runtime":4.208686,"_step":1,"test_loss":6.477023661136627}