{"test_loss":1.5783177688717842,"_timestamp":1.756422284830739e+09,"_runtime":16.544665,"_step":32,"_wandb":{"runtime":16}}