{"_runtime":4.530291,"_step":5,"_wandb":{"runtime":4},"test_loss":4.676377028226852,"_timestamp":1.756401669539159e+09}